Họ và tên,Giới tính
Trương Huỳnh Xuân An,Nam
Đỗ Nguyễn Quốc Anh,Nam
Hoàng Ngọc Trâm Anh,Nữ
Lê Ngọc Tuyết Anh,Nữ
Phan Thị Tú Anh,Nữ
Phạm Minh Anh,Nam
Trịnh Nguyễn Thúy Anh,Nữ
Lê Trí Cường,Nam
Huỳnh Nguyễn Khánh Duy,Nam
Đặng Văn Mỹ Đạt,Nam
Đỗ Thị Thanh Hà,Nữ
Nguyễn Thúy Hoa,Nữ
Nguyễn Khang Huy,Nam
Nguyễn Thái Gia Huy,Nam
Bùi Gia Hưng,Nam
Huỳnh Gia Hưng,Nam
Hoàng Lê Khang,Nam
Lê Tuấn Kiệt,Nam
Nguyễn Hoàng Hiếu Lam,Nữ
Nghiêm Hoàng Khánh Lê,Nữ
Phạm Cao Bảo Long,Nam
Nguyễn Vũ Hiền Mai,Nữ
Đặng Hải Thùy Minh,Nữ
Nguyễn Lê Ngọc Minh,Nữ
Lê Ngọc Trà My,Nữ
Lê Phạm Hà My,Nữ
Đào Huỳnh Thảo Ngân,Nữ
Trần Thanh Bảo Nguyên,Nữ
Ngô An Nhi,Nữ
Trần Đức Phát,Nam
Đỗ Hồng Phúc,Nữ
Đỗ Minh Phúc,Nam
Võ Nguyễn Hoàng Sơn,Nam
Bùi Bá Thành,Nam
Ngô Hạo Thiên,Nam
Lê Đức Thịnh,Nam
Cao Thanh Thúy,Nữ
Nguyễn Thủy Tiên,Nữ
Nguyễn Phước Toàn,Nam
Trần Bảo Trân,Nữ
Nguyễn Phú Trọng,Nam
Võ Ngọc Cát Tường,Nữ
Trần Hoàng Yến,Nữ
Bùi Gia Bảo,Nam
Lâm Thiên Bảo,Nam
Lương Quân Bảo,Nam
Nguyễn Thành Đạt,Nam
Nguyễn Lê Bảo Huyên,Nữ
Lương Thiệu Khang,Nam
Nguyễn Quốc Khánh,Nam
Đỗ Hoàng Tuấn Long,Nam
Nguyễn Bảo Long,Nam
Vũ Ngọc Bảo Long,Nam
Viên Triều Lộc,Nam
Nguyễn Ngọc Khánh Ly,Nữ
Trần Tiểu Mi,Nữ
Võ Hoàng Khánh Nghi,Nữ
Trương Khai Khánh Ngọc,Nữ
Nguyễn Phúc Hoàng Nguyên,Nam
Trần Khả Nhi,Nữ
Võ Hoàng Uyên Nhi,Nữ
Lê Nguyễn Hoàng Oanh,Nữ
Lê Sỹ Phú,Nam
Nguyễn Trần Nhã Phương,Nữ
Nguyễn Hoàng Quân,Nam
Nguyễn Phan Diễm Quỳnh,Nữ
Trần Hữu Tân,Nam
Trần Quang Thắng,Nam
Đinh Xuân Thịnh,Nam
Ngô Trọng Thuận,Nam
Trần Hữu Tiến,Nam
Nguyễn Huỳnh Huyền Trang,Nữ
Lương Ngọc Trâm,Nữ
Lương Hữu Trung,Nam
Đinh Nam Trường,Nam
Lương Hữu Trực,Nam
Nguyễn Dương Khánh Tường,Nữ
Phạm Hương Vân,Nữ
Lê Nam Anh,Nam
Nguyễn Vân Anh,Nữ
Lý Phúc Nguyên Chương,Nam
Phan Trần Quốc Duy,Nam
Mai Thái Dương,Nam
Nguyễn Ngọc Nhã Đan,Nữ
Nguyễn Trần Phương Gia,Nam
Trần Thị Hương Giang,Nữ
Phan Thanh Hà,Nữ
Đinh Ngọc Diễm Hằng,Nữ
Phạm Nguyễn Trung Hiếu,Nam
Lê Nhật Huy,Nam
Phùng Hoàng Huy,Nam
Từ Cẩm Huy,Nam
Ngô Thái Khang,Nam
Đinh Phạm Gia Khánh,Nam
Đỗ Thanh Loan,Nữ
Lê Triều Gia Minh,Nam
Nguyễn Cao Tuấn Minh,Nam
Võ Thị Kim Ngân,Nữ
Hồ Hiếu Nghĩa,Nam
Trần Hoàng Nhân,Nam
Nguyễn Mai Nhi,Nữ
Đặng Duy Quang,Nam
Nguyễn Trần Anh Quân,Nam
Lương Gia Quý,Nam
Trương Ngọc Thiện,Nam
Phạm Xuân Thủy,Nữ
Nguyễn Thuỳ Trang,Nữ
Nguyễn Minh Triết,Nam
Trần Văn Triển,Nam
Tạ Minh Triệu,Nam
Nguyễn Lê Thanh Trúc,Nữ
Phan Huỳnh Phương Vy,Nữ
Phạm Lê Phương Vy,Nữ
Trần Nguyễn Tường Vy,Nữ
Trần Nhã Vy,Nữ
Võ Mai Xuân,Nữ
Nguyễn Ngọc Yên,Nữ
Cao Ngọc Trâm Anh,Nữ
Trần Châu Anh,Nam
Bùi Gia Bảo,Nam
Nguyễn Ngọc Bội,Nữ
Nguyễn Ngô Yên Chi,Nữ
Lý Ngọc Bảo Hân,Nữ
Nguyễn Ngũ Gia Hân,Nữ
Nguyễn Huy Hoàng,Nam
Nguyễn Quang Hoàng,Nam
Đặng Phạm Nhựt Huy,Nam
Trần Nhật Huy,Nam
Nguyễn Minh Khang,Nam
Nguyễn Văn Khải,Nam
Phan Huy Khiêm,Nam
Nguyễn Huỳnh Thiên Kim,Nữ
Nguyễn Diễm Khánh Ly,Nữ
Lữ Hoàng Minh,Nam
Nguyễn Ngọc Xuân Ngân,Nữ
Vũ Ngọc Khánh Ngân,Nữ
Đỗ Hồng Ngọc,Nữ
Lê Ánh Ngọc,Nữ
Phạm Khải Nguyên,Nam
Võ Huỳnh Tú Nguyên,Nữ
Lê Huỳnh Như,Nữ
Tô Hoàng Phong,Nam
Nguyễn Nhã Phương,Nữ
Lê Hoàng Quân,Nam
Nguyễn Quốc Thanh,Nam
Nguyễn Ngọc Thiên,Nam
Huỳnh Đức Thịnh,Nam
Nguyễn Như Tấn Thịnh,Nam
Nguyễn Hoàng Thông,Nam
Phạm Huỳnh Anh Thư,Nữ
Phùng Minh Thư,Nữ
Nguyễn Ngọc Bảo Trang,Nữ
Lê Xuân Trường,Nam
Cao Tuấn,Nam
Đào Nguyễn Trúc Vy,Nữ
Nguyễn Phúc Bảo Vy,Nữ
Bùi Ngọc Như Ý,Nữ
Đặng Hoàng Anh,Nam
Nguyễn Quỳnh Anh,Nữ
Nguyễn Võ Minh Anh,Nữ
Nguyễn Phúc Thiên Ân,Nữ
Nguyễn Chí Hoàng Bảo,Nam
Nguyễn Đặng Thái Bình,Nữ
Tạ Minh Châu,Nữ
Phạm Phi Hùng,Nam
Nguyễn Quang Huy,Nam
Trần Gia Huy,Nam
Phạm Thị Huỳnh Hương,Nữ
Phạm Hà Gia Khang,Nam
Phạm Minh Khánh,Nam
Trần Đăng Khoa,Nam
Trương Thành Lâm,Nam
Nguyễn Hữu Linh,Nam
Nguyễn Hoàng Khánh Ly,Nữ
Lê Quang Minh,Nam
Nguyễn Thanh Ngân,Nữ
Bùi Phạm Minh Nhật,Nam
Lê Phạm Thanh Nhi,Nữ
Nguyễn Hữu Tấn Phát,Nam
Vương Hồng Phúc,Nữ
Huỳnh Ngọc Phúc,Nam
Nguyễn Minh Quân,Nam
Trần Như Quỳnh,Nữ
Nguyễn Đức Thành,Nam
Vũ Hoàng Thông,Nam
Đoàn Nguyễn Tiến,Nam
Huỳnh Thị Tố Trân,Nữ
Nguyễn Thành Minh Trí,Nam
Trần Nguyễn Ánh Tuyết,Nữ
Bùi Thanh Thục Uyên,Nữ
Thái Hoàng Phương Uyên,Nữ
Dương Nguyễn Bảo Yến,Nữ
Âu Nguyên Thiên An,Nữ
Ngô Thiên An,Nam
Nguyễn Thị Hồng Ánh,Nữ
Đặng Cao Cường,Nam
Nguyễn Hữu Đức,Nam
Nguyễn Thái Quốc Hạo,Nam
Nguyễn Dương Ngọc Hân,Nữ
Bùi Thảo Hiền,Nữ
Võ Thành Huy,Nam
Đoàn Dương Vũ Kha,Nam
Mai Nhất Khang,Nam
Trần Minh Khoa,Nam
Nguyễn Thanh Khôi,Nam
Nguyễn Hoàng Kim,Nữ
Hồ Đắc Lâm,Nam
Phạm Thành Long,Nam
Nguyễn Bảo Minh,Nam
Trịnh Tuấn Minh,Nam
Đỗ Nhật Nam,Nam
Hoàng Thanh Nhàn,Nữ
Nguyễn Phạm Phương Nhi,Nữ
Nguyễn Ngọc Quỳnh Như,Nữ
Tô Quỳnh Như,Nữ
Nguyễn Ngô Hoàng Phát,Nam
Nguyễn Tấn Phát,Nam
Lê Hoàng Khánh Phương,Nữ
Lê Nguyễn Hoàng Quân,Nam
Trần Tuấn Sang,Nam
Trần Thái Thiện,Nam
Phan Huỳnh Thanh Trúc,Nữ
Trần Lê Ánh Tuyết,Nữ
Nguyễn Lê Thùy Vy,Nữ
Phan Thị Thanh Yến,Nữ
Đào Đặng Ngọc Như Ý,Nữ
La Nguyễn Như Ý,Nữ
Nguyễn Quốc Hưng,Nam
Đặng Tú Anh,Nữ
Trần Hoàng Anh,Nữ
Trương Bách Diệp,Nữ
Nguyễn Thùy Dung,Nữ
Trần Ngọc Thùy Dương,Nữ
Nguyễn Hữu Đạt,Nam
Phạm Thanh Hảo,Nam
Giang Đỗ Thị Ngọc Hiền,Nữ
Lương Gia Khiêm,Nam
Lê Đăng Anh Khôi,Nam
Nguyễn Ngọc Minh Khuê,Nam
Huỳnh Ngọc Ánh Linh,Nữ
Vân Thành Long,Nam
Nguyễn Hoàng Luân,Nam
Phạm Lê Bình Minh,Nam
Nguyễn Kim Ngân,Nữ
Nguyễn Hoàng Ngọc,Nữ
Trần Thị Tuyết Như,Nữ
Huỳnh Phan Tấn Phát,Nam
Lê Thiên Phú,Nam
Nguyễn Minh Quang,Nam
Phùng Quang Thanh,Nam
Trần Nguyễn Yến Thanh,Nữ
Nguyễn Thị Thanh Thảo,Nam
Lê Hoàng Thiện,Nam
Trang Thịnh,Nam
Nguyễn Hữu Thuận,Nam
Phạm Lê Thanh Thuận,Nữ
Nguyễn Phương Thủy,Nữ
Lâm Đức Tiến,Nam
Lương Ngọc Bảo Trân,Nữ
Nguyễn Anh Vương,Nam
Phan Nguyễn Thế Vỹ,Nam
Nguyễn Cao Mỹ Xuân,Nữ
Nguyễn Thị Phi Yến,Nữ
Lê Trần Minh Kỳ,Nam
Nguyễn Phú Trí,Nam
Ôn Bảo Châu Anh,Nữ
Phạm Vũ Thúy Anh,Nữ
Võ Đoàn Thùy Anh,Nữ
Ninh Phạm Gia Bảo,Nam
Nguyễn Minh Đạt,Nam
Võ Quốc Đạt,Nam
Từ Phạm Gia Hân,Nữ
Nguyễn Thanh Hiền,Nữ
Đặng Học Hiển,Nam
Nguyễn Gia Huy,Nam
Nguyễn Quốc Hưng,Nam
Vũ Gia Hy,Nam
Kim Khánh Khôi,Nam
Nguyễn Thị Thanh Kim,Nữ
Trần Lãm,Nam
Võ Hoàng Bảo Ngọc,Nữ
Lê Nguyễn Hồng Nhi,Nữ
Vũ Đan Như,Nữ
Phan Minh Nhựt,Nam
Lai Tấn Phát,Nam
Trần Gia Phú,Nam
Lê Anh Quốc,Nam
Nguyễn Ngọc Thanh Tâm,Nam
Phạm Thanh Tâm,Nam
Dư Ngọc Hiền Thanh,Nữ
Nguyễn Tuấn Thành,Nam
Ngũ Hoàng Thái,Nam
Lục Quốc Thắng,Nam
Nguyễn Hữu Thắng,Nam
Nguyễn Vũ Xuân Thắng,Nam
Đoàn Hoàng Thiện,Nam
Trần Viết Minh Thư,Nữ
Trần Gia Toàn,Nam
Nguyễn Cao Trí,Nam
Võ Thanh Tuyền,Nữ
Nguyễn Trúc Vân,Nữ
Đỗ Hoàng Khánh Vy,Nữ
Nguyễn Lê Ngọc Vy,Nữ
Nguyễn Ngọc Hạ Vy,Nữ
Nguyễn Ngọc Như Ý,Nữ
Đào Khánh An,Nữ
Nguyễn Tú Trâm Anh,Nữ
Phan Quỳnh Anh,Nữ
Trần Quỳnh Anh,Nữ
Dương Gia Bảo,Nam
Hồ Quang Bảo,Nam
Trần Lê Trung Hiếu,Nam
Phạm Thị Minh Hương,Nữ
Nguyễn Lê Hoàng Khang,Nam
Nguyễn Tuấn Khang,Nam
Nguyễn Nhật Hoàng Khiêm,Nam
Trần Duy Khoa,Nam
Phạm Ngọc Uyên Lê,Nữ
Bùi Xuân Linh,Nữ
Nguyễn Ngọc Thùy Linh,Nữ
Nguyễn Khánh Linh,Nữ
Huỳnh Bá Lộc,Nam
Lâm Quang Lộc,Nam
Nguyễn Vũ Khánh Minh,Nam
Trần Nguyễn Hải My,Nữ
Nguyễn Lê Bảo Ngân,Nữ
Trần Hiếu Ngân,Nữ
Nguyễn Bảo Ngọc,Nữ
Nguyễn Diệp Tuấn Nguyên,Nam
Bùi Ngọc An Nhiên,Nữ
Nguyễn Hoàng Bảo Phúc,Nam
Nguyễn Hoàng Phúc,Nam
Phạm Mai Thiên Phúc,Nam
Đặng Lê Minh Phương,Nữ
Đỗ Ngọc Minh Phương,Nữ
Nguyễn Hoàng Quân,Nam
Trương Anh Quân,Nam
Nguyễn Thanh Tâm,Nam
Trần Vũ Khánh Tâm,Nữ
Trần Thiên,Nam
Nguyễn Phước Thịnh,Nam
Trương Đình Bảo Thy,Nữ
Võ Cao Tiến,Nam
Lê Thanh Hoàng Triều,Nam
Trần Minh Trí,Nam
Phạm Hữu Vinh,Nam
Tô Thành Vinh,Nam
Lương Thị Mai Vy,Nữ
Đỗ Dương Phan Anh,Nữ
Ngô Phương Anh,Nữ
Nguyễn Lê Nhật Anh,Nam
Phạm Ngọc Anh,Nữ
Trần Thiên Anh,Nữ
Nguyễn Trần Minh Đạt,Nam
Nguyễn Hoàng Hải,Nam
Huỳnh Trần Trung Hiếu,Nam
Lại Quang Huy,Nam
Nguyễn Hoàng Gia Huy,Nam
Trương Gia Huy,Nam
Nguyễn Ngọc Duy Khanh,Nam
Trần Nguyễn Anh Khoa,Nam
Vũ Khương,Nam
Nguyễn Uyên Lâm,Nữ
Hoàng Kim Ngân,Nữ
Phạm Đan Ngọc Nhã Nghi,Nữ
Nguyễn Trọng Nghĩa,Nam
Lê Trần Công Nguyên,Nam
Nguyễn Võ Tuyền Nhi,Nữ
Lê Huỳnh Tâm Như,Nữ
Trần Lam Như,Nữ
Trần Công Thành,Nam
Nguyễn Hoàng Thịnh,Nam
Lê Nguyễn Thủy Tiên,Nữ
Trần Vũ Bảo Trân,Nữ
Phan Nguyễn Minh Triết,Nam
Nguyễn Tiến Trọng,Nam
Nguyễn Ngọc Thanh Trúc,Nữ
Vũ Anh Tuấn,Nam
Dương Hoàng Anh Tú,Nam
Huỳnh Ngọc Tú,Nữ
Võ Phương Uyên,Nữ
Phạm Thanh Vy,Nữ
Lê Võ Hoàng Khang,Nam
Nguyễn Phan Thế Anh,Nam
Phan Ngô Quỳnh Anh,Nữ
Lưu Đỗ Gia Bảo,Nam
Phạm Minh Quốc Bảo,Nam
Đinh Văn Dũng,Nam
Nguyễn Tiến Đạt,Nam
Bùi Nguyễn Hoàng Gia,Nam
Nguyễn Bảo Ngọc Hân,Nữ
Quách Bảo Hân,Nữ
Nguyễn Hoài Nhựt Huy,Nam
Thái Đăng Khoa,Nam
Trần Tuấn Khôi,Nam
Nguyễn Thị Kim Ngân,Nữ
Nguyễn Bá Nguyên,Nam
Phạm Thiện Nhân,Nam
Phùng Yến Nhi,Nữ
Nguyễn Hoàng Bảo Như,Nữ
Trần Thanh Phát,Nam
Nguyễn Hoàng Phúc,Nam
Nguyễn Anh Quân,Nam
Nguyễn Chương Thiện,Nam
Tạ Phúc Thịnh,Nam
Ngô Phương Thuỳ,Nữ
Nguyễn Thanh Thuý,Nữ
Nguyễn Ngọc Minh Thư,Nữ
Nguyễn Phan Anh Thư,Nữ
Nguyễn Hùng Tiến,Nam
Lê Thị Quỳnh Trang,Nữ
Nguyễn Ngọc Thuỳ Trang,Nữ
Trần Nguyễn Thùy Trang,Nữ
Nguyễn Đức Trí,Nam
Nguyễn Thức Nguyên Vũ,Nam
Trần Hoàng Vũ,Nam
Lưu Thanh Vy,Nữ
Nguyễn Ngọc Xuân Vy,Nữ
Tô Kim Xuân,Nữ
Nguyễn Ngọc Như Ý,Nữ
Bùi Ngọc Thái An,Nữ
Hoàng Việt An,Nam
Nguyễn Việt Bảo Châu,Nữ
Vũ Nguyễn Bảo Châu,Nữ
Lê Hoàng Anh Duy,Nam
Ngô Anh Duy,Nam
Đặng Nguyễn Đức Dũng,Nam
Nguyễn Trần Hoa Đăng,Nam
Dương Tấn Đức,Nam
Nguyễn Anh Đức,Nam
Trần Xuân Đức,Nam
Nguyễn Thái Hòa,Nam
Trần Gia Huy,Nam
Trương Đại Lợi,Nam
Nguyễn Phúc Khánh My,Nữ
Dương Hồng Ngân,Nữ
Thái Đặng Hồng Ngọc,Nữ
Phạm Nguyễn Đào Nguyên,Nữ
Lữ Nguyễn Yến Nhi,Nữ
Trần Thuỵ Yến Nhi,Nữ
Cổ Thụy Yến Như,Nữ
Huỳnh Khánh Phong,Nam
Đoàn Thiên Phúc,Nam
Nguyễn Hoàng Quân,Nam
Tạ Minh Tâm,Nam
Đỗ Mạnh Thắng,Nam
Đoàn Tiến Thịnh,Nam
Lê Phương Thùy,Nữ
Trần Nguyễn Thanh Thương,Nữ
Phạm Trần Bảo Trâm,Nữ
Nguyễn Thanh Trúc,Nữ
Nguyễn Minh Tuấn,Nam
Đàm Thanh Tùng,Nam
Quang Trí Văn,Nam
Trịnh Thị Hoàng Yến,Nữ
Trần Tiến An,Nam
Bùi Kiên Mai Anh,Nữ
Âu Gia Bảo,Nam
Phạm Trường Doanh,Nam
Phan Quốc Hưng,Nam
Huỳnh Quốc Khánh,Nam
Nguyễn Minh Khôi,Nam
Nguyễn Chí Kiên,Nam
Lâm Tuấn Kiệt,Nam
Võ Toàn Nghĩa,Nam
Lê Uyên Nhi,Nữ
Trang Ngọc Yến Nhi,Nữ
Nguyễn Thị Hồng Nhung,Nữ
Vương Bá Phúc,Nam
Lê Diễm Hoàng Phương,Nữ
Đỗ Minh Thắng,Nam
Nguyễn Cao Phương Thùy,Nữ
Lê Lâm Thụy,Nữ
Võ Thị Minh Thư,Nữ
Nguyễn Minh Thy,Nữ
Nguyễn Thị Thùy Trang,Nữ
Bùi Ngọc Phương Trâm,Nữ
Âu Hải Triều,Nữ
Nguyễn Lâm Nhật Trung,Nam
Đặng Thị Thanh Trúc,Nữ
Nguyễn Nhật Trường,Nam
Phạm Thế Việt,Nam
Nguyễn Ngọc Khánh Vy,Nữ
Lư Ngọc Như Ý,Nữ
Đỗ Công Minh,Nam
Đỗ Minh Vương,Nam
Nguyễn Thanh Tuấn,Nam
Hồ Ngọc Mai Anh,Nữ
Lê Võ Trí Bảo,Nam
Nguyễn Lê Tuấn Bảo,Nam
Phạm Ngọc Gia Bảo,Nam
Nguyễn Cao Thùy Dương,Nữ
Trần Thị Ánh Dương,Nữ
Nguyễn Thanh Giang,Nữ
Trương Tấn Huy Hoàng,Nam
Phan Gia Huy,Nam
Nguyễn Mạnh Khang,Nam
Nguyễn Trường Đăng Khôi,Nam
Vũ Đức Kiên,Nam
Nguyễn Anh Kiệt,Nam
Trần Ngọc Khánh Linh,Nữ
Nguyễn Cao Lộc,Nam
Vương Hạnh Minh,Nữ
Nguyễn Bảo Ngân,Nữ
Nguyễn Thị Thảo Nguyên,Nữ
Trần Lê Hoàng Như,Nữ
Lê Trần Bảo Phúc,Nam
Nguyễn Dương Hoàng Phúc,Nam
Trần Nguyễn Thiên Phúc,Nam
Lê Hà Thục Phương,Nữ
Dương Văn Quý,Nam
Trần Phạm Hướng Tài,Nam
Ngô Thị Cẩm Thúy,Nữ
Đoàn Phạm Kiều Trang,Nữ
Nguyễn Song Tuyền,Nữ
Phạm Ngọc Mỹ Uyên,Nữ
Nguyễn Thị Quỳnh Anh,Nữ
Nguyễn Minh Đức,Nam
Lê Nguyễn Anh Hào,Nam
Võ Lê Quốc Hoàng,Nam
Nguyễn Viết Hoàng Hưng,Nam
Trần Trọng Bảo Khôi,Nam
Nguyễn Đức Lộc,Nam
Nguyễn Văn Luân,Nam
Trương Nguyễn Thanh Lực,Nam
Huỳnh Tú Mai,Nữ
Lê Thị Hương Nga,Nữ
Tôn Nữ Thùy Ngân,Nữ
Nguyễn Bá Hà Nguyên,Nam
Phan Lê Nhật,Nữ
Trần Ngọc Như Phúc,Nữ
Lê Võ Mai Phương,Nữ
Trần Ngọc Diễm Quỳnh,Nữ
Trần Nguyễn Duy Tân,Nam
Trần Phạm Phương Thành,Nam
Trương Hoài Thuận,Nam
Nguyễn Đình Phương Thùy,Nữ
Huỳnh Đức Trí,Nam
Trần Thiên Trọng,Nam
Đỗ Nguyễn Thanh Trúc,Nữ
Võ Huỳnh Sỹ Tuyên,Nam
Châu Ngọc Tuyền,Nữ
Vĩnh Bảo Trường Vinh,Nam
Nguyễn Kỳ Anh,Nam
Trần Thụy Quỳnh Anh,Nữ
Võ Tuyết Anh,Nữ
Đinh Diệp Khánh Băng,Nữ
Trần Ngọc Minh Châu,Nữ
Nguyễn Minh Đạt,Nam
Huỳnh Ngọc Hà,Nữ
Lý Hải,Nam
Danh Hồng Hân,Nữ
Đinh Gia Huy,Nam
Nguyễn Quốc Huy,Nam
Trần Quốc Huy,Nam
Trần Đoàn Như Huỳnh,Nữ
Phan Nguyễn Tấn Hưng,Nam
Quách Khánh Mai,Nữ
Trần Khánh Nam,Nam
Lương Kim Bảo Ngân,Nữ
Nguyễn Bảo Ngân,Nữ
Phan Thu Ngân,Nữ
Nguyễn Bảo Ngọc,Nữ
Nguyễn Thị Ngọc,Nữ
Phạm Khánh Như,Nữ
Nguyễn Minh Pháp,Nam
Đinh Công Phong,Nam
Nguyễn Đỗ Hoàng Phúc,Nam
Châu Thanh Quý,Nam
Nguyễn Hải Trường Sơn,Nam
Lê Ngọc Mỹ Tâm,Nữ
Hoàng Tăng Thịnh,Nam
Lê Thị Minh Thư,Nữ
Nguyễn Hoàng Minh Thư,Nữ
Trần Khải Tuấn,Nam
Phan Hoàng Việt,Nam
Trần Đỗ Như Ý,Nữ
Hồ Quang Anh,Nam
Trần Đoàn Nam Anh,Nam
Võ Hoàng Phương Anh,Nữ
Nguyễn Xuân Bách,Nam
Nguyễn Gia Bảo,Nam
Võ Ngọc Thuỳ Dung,Nữ
Nguyễn Thanh Đan,Nữ
Trì Chấn Đạt,Nam
Nguyễn Hải Đăng,Nam
Nguyễn Trí Đức,Nam
Hồ Nguyễn Gia Huy,Nam
Nguyễn Quốc Huy,Nam
Nguyễn Thảo Quỳnh Hương,Nữ
Nguyễn Minh Khanh,Nữ
Bùi Anh Khoa,Nam
Nguyễn Hữu Anh Khoa,Nam
Lê Phạm Khánh Linh,Nữ
Nguyễn Khánh Linh,Nữ
Đào Thành Long,Nam
Lý Bảo Hiển Long,Nam
Trần Đăng Lộc,Nam
Võ Ngọc Khánh Ly,Nữ
Lê Thành Nhân,Nam
Nguyễn Yến Như,Nữ
Phạm Thị Tuyết Như,Nữ
Bùi Hồng Phúc,Nam
Châu Hồng Bảo Thanh,Nữ
Trần Lê Duy Thiện,Nam
Nguyễn Quốc Thịnh,Nam
Lê Tấn Trí,Nam
Lê Huỳnh Thanh Trúc,Nữ
Võ Kiều Thanh Trúc,Nữ
Đặng Hải Quỳnh Anh,Nữ
Hồ Ngọc Bảo Anh,Nữ
Hồ Việt Anh,Nam
Lê Hoàng Anh,Nam
Nguyễn Đoàn Hùng Anh,Nam
Phạm Huỳnh Anh,Nữ
Trương Lê Công Anh,Nam
Phạm Quốc Bảo,Nam
Nguyễn Trần Bảo Châu,Nữ
Đoàn Trí Dũng,Nam
Trần Tiến Dũng,Nam
Nguyễn Trương Thành Đạt,Nam
Nguyễn Việt Anh Đức,Nam
Trương Thanh Hà,Nữ
Trương Ngọc Hân,Nữ
Lê Anh Huy,Nam
Nguyễn Phúc Minh Huy,Nam
Nguyễn Tấn Ken,Nam
Võ Gia Khang,Nam
Lê Như Khánh,Nữ
Lê Võ Khánh Linh,Nữ
Nguyễn Phước Lộc,Nam
Võ Xuân Lộc,Nữ
Huỳnh Ngô Thanh Mai,Nữ
Nguyễn Khánh Ngọc,Nữ
Trần Như Ngọc,Nữ
Nguyễn Lê Nhật Nguyên,Nam
Lâm Quỳnh Nhi,Nữ
Nguyễn Yến Nhi,Nữ
Huỳnh Minh Phú,Nam
Diệp Thiên Phước,Nam
Phan Hoàng Quân,Nam
Đào Ngọc Quỳnh,Nữ
Nguyễn Viên Ngọc Qúy,Nữ
Đinh Thị Thanh Tâm,Nữ
Nguyễn Trung Thành,Nam
Huỳnh Lê Minh Thư,Nữ
Nguyễn Anh Thư,Nữ
Đinh Lê Bảo Thy,Nữ
Nguyễn Quang Tiến,Nam
Phạm Yến Trang,Nữ
Dương Ngọc Quỳnh Trâm,Nữ
Lê Phước Đăng Triệu,Nam
Nguyễn Đặng Thu Vân,Nữ
Nguyễn Quỳnh Vy,Nữ
Tạ Kim Yến,Nữ
Nguyễn Quốc Anh,Nam
Nguyễn Thái Hoài Anh,Nam
Trần Minh Anh,Nữ
Trương Hàn Tuyết Băng,Nữ
Tiêu Thanh Bình,Nam
Nguyễn Thị Kiều Diễm,Nữ
Lê Minh Đại,Nam
Đỗ Minh Đăng,Nam
Lý Huỳnh Ngọc Hân,Nữ
Nguyễn Thị Ngọc Hiệp,Nữ
Trần Đình Huân,Nam
Đinh Hoàng Huy,Nam
Lô Bảo Huy,Nam
Nguyễn Thị Mỹ Huyền,Nữ
Nhân Đông Gia Hưng,Nam
Trương Thoại Anh Kha,Nữ
Diệp Đặng Anh Khoa,Nam
Trần Anh Khoa,Nam
Trịnh Hoàng Long,Nam
Trần Thị Minh Mỹ,Nữ
Lê Như Ngọc,Nữ
Nguyễn Thị Sao Ngọc,Nữ
Trần Thanh Khôi Nguyên,Nam
Trần Đình Nhân,Nam
Lê Đức Phát,Nam
Nguyễn Tấn Phát,Nam
Trần Bảo Quang,Nam
Nguyễn Huỳnh Thanh Thảo,Nữ
Huỳnh Tấn Thịnh,Nam
Tiêu Thừa Minh Thông,Nam
Nguyễn Trần Hoàng Thư,Nữ
Trần Văn Thức,Nam
Nguyễn Hoàng Trinh,Nữ
Nguyễn Quang Trí,Nam
Vũ Minh Trí,Nam
Tạ Thanh Trúc,Nữ
Nguyễn Hoàng Anh Tuấn,Nam
Nguyễn Cao Ngọc Tuyền,Nữ
Phạm Nguyễn Phương Uyên,Nữ
Trần Ngọc Phương Uyên,Nữ
Huỳnh Mai Vy,Nữ
Trần Lý Yến Vy,Nữ
Trần Ngọc Yến Vy,Nữ
Võ Văn Triệu Vy,Nữ
Mai Thị Quỳnh Anh,Nữ
Nguyễn Huỳnh Trâm Anh,Nữ
Phạm Thùy Anh,Nữ
Nguyễn Trương Gia Bảo,Nam
Nguyễn Hữu Bằng,Nam
Nguyễn Ngọc Duy,Nam
Nguyễn Thị Ánh Dương,Nữ
Lê Huỳnh Gia Hân,Nữ
Thới Gia Hân,Nữ
Trương Gia Hân,Nữ
Nguyễn Phạm Quốc Huy,Nam
Phạm Gia Huy,Nam
Trần Thị Thu Hường,Nữ
Nguyễn Đinh Bảo Khang,Nam
Nguyễn Quốc Khang,Nam
Nguyễn Đình Khoa,Nam
Nguyễn Tuấn Kiệt,Nam
Nguyễn Đàm Bảo Ngọc,Nữ
Âu Thảo Nguyên,Nữ
Nguyễn Trần Minh Nguyên,Nam
Nguyễn Thành Nhân,Nam
Đỗ Thị Quỳnh Như,Nữ
Tô Hoàng Phúc,Nam
Huỳnh Thị Phương Quyên,Nữ
Vương Hoàng Sang,Nam
Cao Vĩnh Sơn,Nam
Nguyễn Lê Thanh Sơn,Nam
Nguyễn Trần Minh Thùy,Nữ
Trần Ngọc Bảo Thy,Nữ
Lý Hạnh Tiên,Nữ
Lê Nguyễn Bảo Trân,Nữ
Phạm Minh Trí,Nam
Trần Quốc Trung,Nam
Nguyễn Bùi Phương Uyên,Nữ
Nguyễn Ngọc Phương Vy,Nữ
Trương Triều Vỹ,Nam
Võ Ngọc Kim Thư,Nữ
Nguyễn Lan Anh,Nữ
Võ Đinh Trâm Anh,Nữ
Trần Quốc Bảo,Nam
Trương Nguyễn Trí Đức,Nam
Hồ Bảo Hân,Nữ
Nguyễn Cao Ngọc Hân,Nữ
Nguyễn Đức Hiển,Nam
Phạm Mai Hương,Nữ
Đinh Hoàng Khang,Nam
Nguyễn Nhật Khang,Nam
Lê Nguyễn Gia Khải,Nam
Nguyễn Trọng Khôi,Nam
Hồ Trúc Linh,Nữ
Tiền Thái Long,Nam
Diệp Đỗ Thanh Mai,Nữ
Lê Trọng Nghĩa,Nam
Phạm Trọng Nghĩa,Nam
Ngô Nguyễn Như Ngọc,Nữ
Nguyễn Thị Hồng Ngọc,Nữ
Trần Đức Nguyên,Nam
Nguyễn Thành Nhân,Nam
Phạm Thành Phú,Nam
Trần Hữu Minh Quang,Nam
Lê Hoàng Hải Quân,Nam
Trần Ngọc Bảo Quyên,Nữ
Hồ Ngọc Như Quỳnh,Nữ
Lê Thành Tài,Nam
Nguyễn Thị Lệ Thắm,Nữ
Hoàng Đình Thi,Nam
Đỗ Xuân Thy,Nữ
Phạm Đan Tiến,Nam
Trần Nguyễn Bảo Trân,Nữ
Nguyễn Lâm Minh Trí,Nam
Nguyễn Văn Tuấn Tú,Nam
Nguyễn Bá Vĩnh Tường,Nam
Đặng Ngọc Anh Vũ,Nam
Hà Phi Yến,Nữ
Trình Gia Khải An,Nữ
Nguyễn Trần Huỳnh Anh,Nữ
Trần Ngọc Minh Anh,Nữ
Võ Huỳnh Ngọc Ẩn,Nữ
Phạm Trịnh Thảo Bình,Nữ
Nguyễn Huyền Diệu,Nữ
Nguyễn Minh Duy,Nam
Phạm Phan Nhật Duy,Nam
Võ Nhật Duy,Nam
Chung Gia Hân,Nữ
Trần Danh Hiệu,Nam
Vũ Thu Hoài,Nữ
Bí Trần Gia Khang,Nam
Lê Hoàng Phúc Khang,Nam
Trần Nguyễn An Khang,Nam
Đỗ Mạnh Kiên,Nam
Phạm Thị Ngọc Linh,Nữ
Huỳnh Ly Ly,Nữ
Nguyễn Thành Trung Nam,Nam
Nguyễn Thanh Nga,Nữ
Trần Ngọc Bảo Ngân,Nữ
Nguyễn Trọng Nghĩa,Nam
Lê Nguyễn Hồng Ngọc,Nữ
Tạ Thị Yến Nhi,Nữ
Trần Ngọc Khả Nhi,Nữ
Nguyễn Lê Minh Phát,Nam
Bùi Thiên Phúc,Nam
Nguyễn Hoàng Phúc,Nam
Phạm Việt Quang,Nam
Nguyễn Thị Như Quỳnh,Nữ
Lê Nguyễn Quốc Thành,Nam
Trần Hoàng Thành,Nam
Nguyễn Ngọc Đan Thùy,Nữ
Cao Hoàng Tiến,Nam
Nguyễn Minh Trâm,Nữ
Nguyễn Minh Triết,Nam
Nguyễn Minh Trí,Nam
Huỳnh Thanh Trúc,Nữ
Lưu Phạm Thủy Trúc,Nữ
Nguyễn Như Vinh,Nam
Nguyễn Hoàng Gia Vy,Nữ
Bùi Xuân An,Nữ
Đặng Nguyễn Khánh An,Nữ
Hoàng Kim Anh,Nữ
Lê Nguyễn Khánh Anh,Nam
Lê Nguyễn Trâm Anh,Nữ
Nguyễn Ngọc Quỳnh Anh,Nữ
Phạm Minh Anh,Nữ
Phạm Nguyễn Trâm Anh,Nữ
Triệu Ngọc Diệu Anh,Nữ
Nguyễn Thị Nguyệt Ánh,Nữ
Âu Gia Bảo,Nam
Vũ Gia Bảo,Nam
Nguyễn Ngọc Hà,Nữ
Nguyễn Vũ Lê Hoàng,Nam
Nguyễn Trung Hưng,Nam
Nguyễn Quốc Khang,Nam
Lý Trần Hồng Khánh,Nữ
Trầm Nguyễn Quốc Khôi,Nam
Đinh Thùy Lâm,Nữ
Lê Nguyễn Hoàng Lễ,Nam
Huỳnh Nguyễn Hoàng Long,Nam
Huỳnh Hữu Lộc,Nam
Đặng Minh Luân,Nam
Trần Anh Minh,Nam
Phan Trung Nam,Nam
Trịnh Tuấn Nam,Nam
Lê Nguyễn Khánh Ngân,Nữ
Lê Nguyễn Bảo Nghi,Nữ
Nguyễn Thị Tuyết Nhi,Nữ
Lê Tuấn Phước,Nam
Trần Cao Nhật Tài,Nam
Nguyễn Cao Hữu Thọ,Nam
Đỗ Hoàng Anh Thư,Nữ
Trần Ngọc Bảo Thy,Nữ
Lê Khắc Quỳnh Trâm,Nữ
Nguyễn Ngọc Như Ý,Nữ
Nguyễn Lê Thùy An,Nữ
Quách An An,Nữ
Huỳnh Kiều Anh,Nữ
Nguyễn Hoàng Duy Anh,Nam
Nguyễn Anh Duy,Nam
Phạm Hoàng Hà,Nam
Nguyễn Huỳnh Bảo Hân,Nữ
Nguyễn Huỳnh Ngọc Hân,Nữ
Võ Đại Huy Khang,Nam
Lữ Trần Nhã Khanh,Nữ
Lê Đăng Khoa,Nam
Thái Lê Khoa,Nam
Trần Minh Khôi,Nam
Trần Ngọc Mai Khôi,Nữ
Vũ Thắng Lợi,Nam
Phạm Thị Thanh Nga,Nữ
Nguyễn Thanh Ngân,Nữ
Dương Bảo Ngọc,Nữ
Tăng Bảo Ngọc,Nữ
Đào Lê Đức Nhân,Nam
Phan Mỹ Nhật,Nữ
Nguyễn Ngọc Uyên Nhi,Nữ
Lê Nguyễn Hồng Nhung,Nữ
Nguyễn Võ Mai Phương,Nữ
Nguyễn Bá Hoàng Quân,Nam
Lê Thành Tài,Nam
Vũ Quốc Thành,Nam
Nguyễn Minh Thiện,Nam
Nguyễn Hưng Thịnh,Nam
Phạm Thị Thanh Thủy,Nữ
Phan Xuân Tiến,Nam
Nguyễn Ngọc Bảo Trâm,Nữ
Trần Đinh Vĩnh Tường,Nam
Nguyễn Ngọc Như Ý,Nữ
Nguyễn Văn Lộc,Nam
Ngô Nam An,Nam
Lê Hoàng Anh,Nam
Nguyễn Thụy Minh Anh,Nữ
Nguyễn Võ Tuấn Anh,Nam
Phạm Nguyễn Trúc Anh,Nữ
Lưu Tấn Dũng,Nam
Bùi Bảo Đại,Nam
Trần Ngọc Khánh Hân,Nữ
Nguyễn Phan Hiển,Nam
Huỳnh Ngoc Gia Huy,Nam
Nguyễn Quốc Hùng,Nam
La Quốc Hưng,Nam
Nguyễn Hoài An Khang,Nam
Lê Võ Anh Khôi,Nam
Lê Hoàng Kim,Nữ
Huỳnh Thị Diễm My,Nữ
Dương Ngọc Kim Ngân,Nữ
Nguyễn Kim Vịnh Nghi,Nữ
Nguyễn Hồng Ngọc,Nữ
Đỗ Quỳnh Như,Nữ
Lê Thị Huyền Như,Nữ
Huỳnh Lê Hoàn Phúc,Nam
Nguyễn Bảo Phúc,Nam
Nguyễn Trường Phúc,Nam
Lê Hồ Nam Phương,Nam
Bành Nhật Tân,Nam
Nguyễn Thiên Thanh,Nữ
Lâm Nguyễn Nhật Thảo,Nữ
Hồ Ngọc Thiên,Nam
Nguyễn Nhật Thịnh,Nam
Nguyễn Dương Anh Thuận,Nam
Nguyễn Thị Ngọc Trâm,Nữ
Đỗ Nguyễn Thanh Tuyền,Nữ
Ngô Thanh Tùng,Nam
Nguyễn Ngọc Phương Vy,Nữ
Nguyễn Trần Quốc Việt,Nam
Nguyễn Thiên An,Nam
Trần Thanh Thiên An,Nam
Đặng Nguyễn Thiên Anh,Nữ
Đỗ Trọng Anh,Nam
Nguyễn Gia Bảo,Nam
Cao Nguyễn Hải Đăng,Nam
Nguyễn Minh Đức,Nam
Phan Bích Giang,Nữ
Phạm Bùi Bảo Hân,Nữ
Nguyễn Trúc Hiếu,Nam
Vũ Hoàng Hiệp,Nam
Lê Quỳnh Hoa,Nữ
Nguyễn Ngọc Quỳnh Hoa,Nữ
Nguyễn Quốc Huy,Nam
Phan Nguyễn Ngọc Huy,Nam
Nguyễn Ngọc Khánh Huyền,Nữ
Hoàng Đức Khang,Nam
Lưu Nguyễn Minh Khang,Nam
Lương Kim Khánh,Nữ
Trần Nguyễn Sao Khuê,Nữ
Bùi Phú Khương,Nam
Nguyễn Anh Kiệt,Nam
Nguyễn Hoàng Lam,Nam
Đặng Hồng Linh,Nữ
Trần Thị Trúc Linh,Nữ
Tô Bá Luyện,Nam
Lê Hồ Hiếu Mai,Nữ
Nguyễn Ngọc Kim Ngân,Nữ
Nguyễn Lê Xuân Nghi,Nữ
Lê Tấn Phát,Nam
Lê Nguyễn Minh Phúc,Nam
Lào Nguyên Phương,Nữ
Đào Hoàng Quân,Nam
Đinh Nguyễn Minh Quân,Nam
Nguyễn Đỗ Minh Quân,Nam
Nguyễn Minh Quân,Nam
Nguyễn Đồng Hữu Tài,Nam
Lê Đỗ Phú Thành,Nam
Hoàng Quốc Việt,Nam
Phạm Vũ Hà Vy,Nữ
Bùi Bình An,Nam
Lương Nguyễn Bảo An,Nữ
Bùi Duy Anh,Nam
Bùi Quỳnh Anh,Nữ
Bùi Trâm Anh,Nữ
Chu Minh Anh,Nữ
Đặng Phạm Quốc Anh,Nam
Đào Thị Quỳnh Anh,Nữ
Đỗ Mai Trúc Anh,Nữ
Đỗ Phương Anh,Nữ
Lê Hà Anh,Nữ
Nguyễn Hoàng Anh,Nam
Nguyễn Hương Anh,Nữ
Nguyễn Thị Hoài Anh,Nữ
Nguyễn Thục Anh,Nữ
Nguyễn Tuấn Anh,Nam
Nguyễn Việt Anh,Nam
Phạm Duy Anh,Nam
Phạm Hải Anh,Nữ
Phạm Kiều Anh,Nữ
Phạm Nhật Quang Anh,Nam
Phạm Việt Anh,Nam
Phạm Vũ Trường Anh,Nam
Vũ Duyên Anh,Nữ
Vũ Minh Anh,Nữ
Vũ Việt Anh,Nam
Nguyễn Hiểu Băng,Nữ
Đoàn Gia Bảo,Nam
Nguyễn Hoàng Gia Bảo,Nam
Nguyễn Quốc Bảo,Nam
Phạm Phú Bảo,Nam
Vũ Gia Bảo,Nam
Bùi Ngọc Bích,Nữ
Nguyễn Trí Bình,Nam
Phạm Thanh Bình,Nam
Tô Ngọc Bình,Nữ
Đặng Minh Châu,Nữ
Phạm Thị Bảo Châu,Nữ
Nguyễn Viết Thành Công,Nam
Nguyễn Ngô Cường,Nam
Nguyễn Linh Đan,Nữ
Nguyễn Trương Linh Đan,Nữ
Nguyễn Minh Đăng,Nam
Trần Hải Đăng,Nam
Đoàn Thanh Đào,Nữ
Đặng Tiến Đạt,Nam
Nguyễn Văn Thành Đạt,Nam
Từ Tiến Đạt,Nam
Vũ Thành Đạt,Nam
Vũ Thế Đạt,Nam
Nguyễn Ngọc Diệp,Nữ
Nguyễn Vũ Ngọc Diệp,Nữ
Trần Huyền Diệu,Nữ
Nguyễn Vũ Minh Doãn,Nam
Nguyễn Anh Đức,Nam
Nguyễn Minh Đức,Nam
Phạm Trung Đức,Nam
Nguyễn Thị Phương Dung,Nữ
Lê Quang Dũng,Nam
Phạm Quang Dũng,Nam
Nguyễn Thùy Dương,Nữ
Nguyễn Văn Dương,Nam
Phạm Thùy Dương,Nữ
Vũ Mạc Thùy Dương,Nữ
Vũ Quang Dương,Nam
Vũ Đức Duy,Nam
Đoàn Châu Giang,Nữ
Nguyễn Hương Giang,Nữ
Nguyễn Hương Giang,Nữ
Nguyễn Thị Hương Giang,Nữ
Phạm Đức Giang,Nam
Bùi Ngọc Hà,Nữ
Lê Cao Hoàng Hà,Nam
Bùi Minh Hải,Nữ
Đỗ Đức Hải,Nam
Lương Gia Hân,Nữ
Đỗ Minh Hiếu,Nam
Nguyễn Trung Hiếu,Nam
Phạm Bá Hiếu,Nam
Phạm Minh Hiếu,Nam
Dương Ngọc Hoàn,Nữ
Nguyễn Mạnh Hùng,Nam
Nguyễn Tiến Hùng,Nam
Lê Quang Hưng,Nam
Nguyễn Đàm Hưng,Nam
Vũ Tuấn Hưng,Nam
Đặng Thu Hương,Nữ
Phan Việt Hương,Nữ
Phạm Bảo Huy,Nam
Phạm Minh Khang,Nam
Vũ Việt Khang,Nam
Nguyễn Hữu Nam Khánh,Nam
Nguyễn Huy Khánh,Nam
Phạm Nguyễn Duy Khánh,Nam
Vũ Đăng Khoa,Nam
Nguyễn Minh Khôi,Nam
Nguyễn Trung Kiên,Nam
Vũ Trung Kiên,Nam
Phạm Đô La,Nam
Nguyễn Hải Lâm,Nam
Nguyễn Thùy Lâm,Nữ
Nguyễn Tùng Lâm,Nam
Vũ Văn Thế Lâm,Nữ
Phạm Trần Lập,Nam
Nguyễn Thị Liên,Nữ
Bùi Gia Linh,Nữ
Nguyễn Hà Linh,Nữ
Nguyễn Khánh Linh,Nữ
Nguyễn Ngọc Linh,Nữ
Trần Phương Linh,Nữ
Nguyễn Thùy Loan,Nữ
Lê Hoàng Bảo Long,Nam
Nguyễn Bảo Long,Nam
Phạm Đức Long,Nam
Đoàn Hiền Lương,Nữ
Lương Khánh Ly,Nữ
Nguyễn Khánh Ly,Nữ
Đoàn Ngọc Thanh Mai,Nữ
Lê Thị Phương Mai,Nữ
Lê Hoàng Minh,Nam
Lê Trần Tuấn Minh,Nam
Nguyễn Tiến Minh,Nam
Phạm Bảo Minh,Nam
Phạm Bình Minh,Nam
Phan Trịnh Anh Minh,Nam
Phạm Khánh My,Nữ
Lê Phan Nam,Nam
Nguyễn Minh Nam,Nam
Nguyễn Thế Bảo Nam,Nam
Phạm Hoàng Nam,Nam
Trần Vũ Thiện Nam,Nam
Vũ Hải Nam,Nam
Đoàn Kim Ngân,Nữ
Nguyễn Kim Ngân,Nữ
Nguyễn Vũ Bảo Ngân,Nữ
Phạm Kim Ngân,Nữ
Bùi Hồng Ngọc,Nữ
Đặng Bảo Ngọc,Nữ
Hoàng Bảo Ngọc,Nữ
Lê Bảo Ngọc,Nữ
Lê Thị Bích Ngọc,Nữ
Nguyễn Hồng Ngọc,Nữ
Nguyễn Mai Ngọc,Nữ
Nguyễn Minh Ngọc,Nữ
Nguyễn Như Ngọc,Nữ
Phạm Bảo Ngọc,Nữ
Phạm Bảo Ngọc,Nữ
Phạm Hà Bảo Ngọc,Nữ
Vũ Minh Ngọc,Nữ
Đỗ Phúc Nguyên,Nam
Nguyễn Thảo Nguyên,Nữ
Nguyễn Xuân Nguyên,Nam
Đoàn Hoàng Minh Nhật,Nam
Nguyễn Minh Nhật,Nam
Bùi Thị Yến Nhi,Nữ
Mạc Vân Nhi,Nữ
Nguyễn Thị Vân Nhi,Nữ
Nguyễn Vũ Thu Nhi,Nữ
Trang Ngọc Yến Nhi,Nữ
Vũ Yến Nhi,Nữ
Phạm Ngọc Như,Nữ
Vũ Thị Uyển Như,Nữ
Vũ Thị Nhung,Nữ
Đoàn Thị Kim Oanh,Nữ
Lê Ngọc Oanh,Nữ
Nguyễn Đình Phát,Nam
Nguyễn Hoàng Phát,Nam
Ngô Thế Phong,Nam
Nguyễn Trần Duy Phong,Nam
Vũ Nam Phong,Nam
Vũ Nhật Phong,Nam
Lê Hữu Phú,Nam
Vũ Thiên Phú,Nam
Nguyễn Gia Phúc,Nam
Đỗ Mai Phương,Nữ
Hoàng Minh Phương,Nữ
Lê Phạm Hoài Phương,Nữ
Nguyễn Hà Phương,Nữ
Nguyễn Hoàng Phương,Nữ
Nguyễn Mai Phương,Nữ
Nguyễn Thị Hà Phương,Nữ
Nguyễn Văn Phương,Nam
Từ Vũ Hà Phương,Nữ
Vũ Hà Phương,Nữ
Nguyễn Anh Quân,Nam
Nguyễn Hải Quân,Nam
Nguyễn Hoàng Anh Quân,Nam
Nguyễn Minh Quân,Nam
Phạm Minh Quân,Nam
Phan Anh Quân,Nam
Phan Nguyễn Ngọc Quyên,Nữ
Vũ Như Quỳnh,Nữ
Đinh Thế Sang,Nam
Nguyễn Ngọc Sang,Nam
Trương Quý Sang,Nam
Giang Hồng Sơn,Nam
Hoàng Xuân Nhất Sơn,Nam
Nguyễn Ngọc Tâm,Nam
Vũ Hồng Thái,Nam
Nguyễn Mạnh Thắng,Nam
Đinh Phương Thanh,Nữ
Nguyễn Minh Thành,Nam
Lê Trần Ngọc Thảo,Nữ
Vũ Ngọc Thiện,Nam
Nguyễn Đức Thịnh,Nam
Phạm Ngọc Thịnh,Nam
Hoàng Nguyễn Kim Thư,Nữ
Nguyễn Minh Thư,Nữ
Nguyễn Hoài Thương,Nữ
Nguyễn Thanh Thúy,Nữ
Vũ Thu Thủy,Nữ
Phạm Khánh Thy,Nữ
Nguyễn Thanh Thủy Tiên,Nữ
Trần Thủy Tiên,Nữ
Đoàn Minh Tiến,Nam
Nguyễn Đúc Khánh Toàn,Nam
Nguyễn Mạnh Toàn,Nam
Trần Bảo Trâm,Nữ
Nguyễn Kiều Bảo Trang,Nữ
Nguyễn Thi Huyền Trang,Nữ
Nguyễn Thi Thùy Trang,Nữ
Trần Thùy Trang,Nữ
Vũ Minh Trí,Nam
Phạm Đức Trọng,Nam
Trần Phú Trọng,Nam
Nguyễn Thế Khang Trung,Nam
Nguyễn Mạnh Trường,Nam
Nguyễn Tuấn Tú,Nam
Phạm Hoàng Tú,Nam
Phan Anh Tú,Nam
Bùi Quang Tuấn,Nam
Tô Đức Tùng,Nam
Vũ Thanh Tùng,Nam
Đặng Thị Ngọc Vân,Nữ
Tạ Hiền Vi,Nữ
Nguyễn Đức Việt,Nam
Nguyễn Trường Vinh,Nam
Phạm Văn Vinh,Nam
Đậu Nguyên Vũ,Nam
Lê Khánh Vy,Nữ
Lê Khánh Vy,Nữ
Phan Yến Vy,Nữ
Vũ Ngô Hà Vy,Nữ
Vũ Ngọc Yến,Nữ
Tạ Hiền Vi,Nữ
Vũ Duyên Anh,Nữ
Đào Thị Quỳnh Anh,Nữ
Trần Thủy Tiên,Nữ
Nguyễn Tiến Hùng,Nam
Nguyễn Hương Giang,Nữ
Nguyễn Mạnh Trường,Nam
Lê Hoàng Minh,Nam
Lương Nguyễn Bảo An,Nữ
Đỗ Phương Anh,Nữ
Phạm Đức Trọng,Nam
Nguyễn Minh Đăng,Nam
Bùi Bình An,Nam
Đặng Minh Châu,Nữ
Phạm Nguyễn Duy Khánh,Nam
Nguyễn Mai Phương,Nữ
Nguyễn Huy Khánh,Nam
Nguyễn Hoàng Gia Bảo,Nam
Đặng Tiến Đạt,Nam
Lê Cao Hoàng Hà,Nam
Nguyễn Minh Khôi,Nam
Nguyễn Trần Duy Phong,Nam
Vũ Minh Anh,Nữ
Trần Bảo Trâm,Nữ
Đoàn Gia Bảo,Nam
Lê Thị Bich Ngọc,Nữ
Bùi Ngọc Hà,Nữ
Bùi Quang Tuấn,Nam
Lê Phạm Hoài Phương,Nữ
Nguyễn Mạnh Hùng,Nam
Nguyễn Trường Vinh,Nam
Nguyễn Hoàng Phương,Nữ
Lê Quang Hưng,Nam
Đỗ Phúc Nguyên,Nam
Nguyễn Hiểu Băng,Nữ
Nguyễn Trung Hiếu,Nam
Trương Quý Sang,Nam
Vũ Hải Nam,Nam
Đỗ Mai Trúc Anh,Nữ
Nguyễn Vũ Bảo Ngân,Nữ
Trần Hải Đăng,Nam
Lê Thị Phương Mai,Nữ
Nguyễn Thục Anh,Nữ
Từ Vũ Hà Phương,Nữ
Đoàn Thanh Đào,Nữ
Đoàn Minh Tiến,Nam
Phạm Ngọc Như,Nữ
Nguyễn Kim Ngân,Nữ
Phạm Minh Khang,Nam
Nguyễn Trương Linh Đan,Nữ
Nguyễn Quốc Bảo,Nam
Nguyễn Thùy Lâm,Nữ
Bùi Hồng Ngọc,Nữ
Bùi Minh Hải,Nữ
Nguyễn Khánh Linh,Nữ
Giang Hồng Sơn,Nam
Nguyễn Thùy Dương,Nữ
Tô Ngọc Bình,Nữ
Phan Việt Hương,Nữ
Nguyễn Thảo Nguyên,Nữ
Phạm Thùy Dương,Nữ
Chu Minh Anh,Nữ
Phạm Thị Bảo Châu,Nữ
Phạm Bảo Minh,Nam
Nguyễn Hải Quân,Nam
Đoàn Châu Giang,Nữ
Nguyễn Tiến Minh,Nam
Bùi Ngọc Bích,Nữ
Đỗ Mai Phương,Nữ
Phạm Đức Giang,Nam
Nguyễn Mạnh Thắng,Nam
Vũ Hồng Thái,Nam
Nguyễn Vũ Minh Doãn,Nam
Phạm Hoàng Tú,Nam
Hoàng Minh Phương,Nữ
Phạm Nhật Quang Anh,Nam
Phạm Bình Minh,Nam
Phạm Bá Hiếu,Nam
Hoàng Nguyễn Kim Thư,Nữ
Nguyễn Thế Khang Trung,Nam
Lê Quang Dũng,Nam
Nguyễn Minh Đức,Nam
Vũ Yến Nhi,Nữ
Lương Gia Hân,Nữ
Phạm Vũ Trường Anh,Nam
Phan Yến Vy,Nữ
Bùi Gia Linh,Nữ
Nguyễn Thế Bảo Nam,Nam
Trần Vũ Thiện Nam,Nam
Nguyễn Anh Quân,Nam
Lê Hà Anh,Nữ
Đỗ Minh Hiếu,Nam
Vũ Thành Đạt,Nam
Vũ Thế Đạt,Nam
Vũ Ngô Hà Vy,Nữ
Phạm Việt Anh,Nam
Vũ Như Quỳnh,Nữ
Phạm Trung Đức,Nam
Nguyễn Mạnh Toàn,Nam
Nguyễn Trí Bình,Nam
Phạm Duy Anh,Nam
Nguyễn Hà Phương,Nữ
Nguyễn Hữu Nam Khánh,Nam
Nguyễn Thị Hương Giang,Nữ
Nguyễn Mai Ngọc,Nữ
Phạm Thanh Bình,Nam
Từ Tiến Đạt,Nam
Phan Trịnh Anh Minh,Nam
Phạm Kim Ngân,Nữ
Nguyễn Minh Thành,Nam
Đinh Phương Thanh,Nữ
Nguyễn Linh Đan,Nữ
Vũ Quang Dương,Nam
Vũ Mạc Thùy Dương,Nữ
Nguyễn Đàm Hưng,Nam
Vũ Việt Khang,Nam
Phạm Kiều Anh,Nữ
Nguyễn Việt Anh,Nam
Nguyễn Vũ Ngọc Diệp,Nữ
Nguyễn Văn Thành Đạt,Nam
Nguyễn Hà Linh,Nữ
Lương Khánh Ly,Nữ
Lê Phan Nam,Nam
Phạm Bảo Ngọc,Nữ
Đoàn Hoàng Minh Nhật,Nam
Đoàn Thị Kim Oanh,Nữ
Nguyễn Xuân Nguyên,Nam
Nguyễn Minh Quân,Nam
Đặng Phạm Quốc Anh,Nam
Nguyễn Hương Anh,Nữ
Vũ Việt Anh,Nam
Vũ Gia Bảo,Nam
Nguyễn Ngô Cường,Nam
Vũ Đức Duy,Nam
Phạm Quang Dũng,Nam
Phạm Bảo Huy,Nam
Nguyễn Hải Lâm,Nam
Nguyễn Hoàng Anh,Nam
Nguyễn Tùng Lâm,Nam
Bùi Trâm Anh,Nữ
Nguyễn Thị Hoài Anh,Nữ
Trần Huyền Diệu,Nữ
Nguyễn Thị Liên,Nữ
Đoàn Ngọc Thanh Mai,Nữ
Nguyễn Ngọc Sang,Nam
Đoàn Hiền Lương,Nữ
Vũ Minh Ngọc,Nữ
Trang Ngọc Yến Nhi,Nữ
Phạm Bảo Ngọc,Nữ
Nguyễn Minh Nhật,Nam
Nguyễn Trung Kiên,Nam
Phạm Phú Bảo,Nam
Phạm Khánh Thy,Nữ
Phạm Hải Anh,Nữ
Bùi Quỳnh Anh,Nữ
Vũ Nhật Phong,Nam
Đặng Thu Hương,Nữ
Nguyễn Hương Giang,Nữ
Nguyễn Khánh Ly,Nữ
Vũ Đăng Khoa,Nam
Nguyễn Ngọc Linh,Nữ
Lê Hoàng Bảo Long,Nam
Hoàng Bảo Ngọc,Nữ
Nguyễn Minh Thư,Nữ
Nguyễn Minh Nam,Nam
Lê Bảo Ngọc,Nữ
Nguyễn Đình Phát,Nam
Nguyễn Gia Phúc,Nam
Phan Nguyễn Ngọc Quyên,Nữ
Phan Anh Quân,Nam
Lê Trần Ngọc Thảo,Nữ
Phạm Ngọc Thịnh,Nam
Trần Thùy Trang,Nữ
Vũ Hà Phương,Nữ
Vũ Thanh Tùng,Nam
Nguyễn Thị Phương Dung,Nữ
Dương Ngọc Hoàn,Nữ
Phạm Hà Bảo Ngọc,Nữ
Nguyễn Kiều Bảo Trang,Nữ
Lê Khánh Vy,Nữ
Nguyễn Hoài Thương,Nữ
Vũ Ngọc Yến,Nữ
Bùi Duy Anh,Nam
Nguyễn Viết Thành Công,Nam
Nguyễn Văn Dương,Nam
Đỗ Đức Hải,Nam
Nguyễn Bảo Long,Nam
Lê Trần Tuấn Minh,Nam
Phạm Hoàng Nam,Nam
Nguyễn Hoàng Phát,Nam
Lê Hữu Phú,Nam
Vũ Nam Phong,Nam
Vũ Thiên Phú,Nam
Nguyễn Tuấn Anh,Nam
Phạm Minh Quân,Nam
Tô Đức Tùng,Nam
Nguyễn Thùy Loan,Nữ
Nguyễn Thị Hà Phương,Nữ
Phạm Minh Hiếu,Nam
Đặng Thị Ngọc Vân,Nữ
Nguyễn Ngọc Diệp,Nữ
Lê Khánh Vy,Nữ
Nguyễn Đức Việt,Nam
Trần Phương Linh,Nữ
Đoàn Kim Ngân,Nữ
Vũ Thu Thủy,Nữ
Trần Phú Trọng,Nam
Nguyễn Thị Huyền Trang,Nữ
Nguyễn Thanh Thủy Tiên,Nữ
Nguyễn Thanh Thúy,Nữ
Lê Ngọc Oanh,Nữ
Vũ Thị Uyển Như,Nữ
Vũ Thị Nhung,Nữ
Bùi Thị Yến Nhi,Nữ
Nguyễn Thị Vân Nhi,Nữ
Mạc Vân Nhi,Nữ
Nguyễn Vũ Thu Nhi,Nữ
Đặng Bảo Ngọc,Nữ
Nguyễn Minh Ngọc,Nữ
Nguyễn Như Ngọc,Nữ
Phạm Trần Lập,Nam
Vũ Trung Kiên,Nam
Ngô Thế Phong,Nam
Nguyễn Văn Phương,Nam
Nguyễn Ngọc Tâm,Nam
Nguyễn Đức Thịnh,Nam
Nguyễn Thị Thùy Trang,Nữ
Phạm Văn Vinh,Nam
Phạm Đô La,Nam
Vũ Văn Thế Lâm,Nam
Phạm Đức Long,Nam
Vũ Ngọc Thiện,Nam
Nguyễn Đức Khánh Toàn,Nam
Nguyễn Tuấn Tú,Nam
Nguyễn Hồng Ngọc,Nữ
Phạm Khánh My,Nữ
Vũ Tuấn Hưng,Nam
Nguyễn Anh Đức,Nam
Phan Anh Tú,Nam
Đậu Nguyên Vũ,Nam
Vũ Minh Trí,Nam
Đinh Thế Sang,Nam
Hoàng Xuân Nhất Sơn,Nam
Nguyễn Hoàng Anh Quân,Nam
Lê Khánh Duy,Nam
Lưu Trường Giang,Nam
Ngô Thanh Hằng,Nữ
Lưu Quang Hòa,Nam
Phạm Gia Long,Nam
Phạm Công Nguyên,Nam
Phạm Hải Tiến,Nam
Hứa Trần Thái Dương,Nam
Phạm Quang Đạt,Nam
Phạm Quốc Khánh,Nam
Lý Ngọc Hà,Nữ
Nguyễn Thị Minh Hương,Nữ
Lưu Khánh Huyền,Nữ
Nguyễn Hoàng Minh,Nam
Nguyễn Thảo Nhi,Nữ
Lê Nguyễn Bảo Ngọc,Nữ
Dương Đức Thành,Nam
Trương Quốc Bảo,Nam
Vũ Minh Chi,Nữ
Ma Quang Đức,Nam
Dương Minh Đức,Nam
Bùi Khánh Ngọc,Nữ
Phạm Như Tùng,Nam
Nguyễn Hải Nam,Nam
Dương Diễm Quỳnh,Nữ
Vũ Anh Thư,Nữ
Phan Thảo Anh,Nữ
Ngô Nguyệt Ánh,Nữ
Ngô An Dương,Nam
Lưu Thu Hiền,Nữ
Nguyễn Tuấn Kiệt,Nam
Đỗ Thanh Loan,Nữ
Nguyễn Phương Thảo Ly,Nữ
Nguyễn Hoàng Tùng,Nam
Đàm Minh Vũ,Nam
Nguyễn Thị Hải Yến,Nữ
Chu Bảo Khánh,Nữ
Vũ Hồng Quyên,Nữ
Đinh Ngọc Anh Thư,Nữ
Nguyễn Thị Huyền Trang,Nữ
Lương Thị Hoàng Yến,Nữ
Nguyễn Ngọc Diệp,Nữ
Hà Minh Tú,Nam
Hồ Anh Tuấn,Nam
Nguyễn Mai Hương,Nữ
Nguyễn Nhật Đăng,Nam
Đỗ Đức Anh,Nam
Lưu Quốc Anh,Nam
Trần Quỳnh Anh,Nữ
Nguyễn Ngọc Linh Linh,Nữ
Phạm Thanh Phong,Nam
Hoàng Mai Phương,Nữ
Lưu Thanh Tiến,Nam
Vũ Hiền Chi,Nữ
Lê Văn Chung,Nam
Nguyễn Khánh Linh,Nữ
Nguyễn Trí Minh,Nam
Nông Đức Nam,Nam
Lê Trần Thu Trang,Nữ
Trịnh Tùng Dương,Nam
Vũ Gia Huy,Nam
Nguyễn Diệu Hương,Nữ
Bùi Mạnh Dũng,Nam
Bùi Linh Linh,Nữ
Trần Dương Quân,Nam
Ngô Xuân Thủy,Nam
Đặng Hải Anh,Nữ
Hà Dung Anh,Nữ
Lưu Ngọc Duy,Nam
Phạm Hương Giang,Nữ
Lưu Nhật Linh,Nữ
Hoàng Đình Long,Nam
Đặng Hà Anh,Nữ
Nguyễn Minh Châu,Nữ
Vũ Chí Kiên,Nam
Hoàng Hoài Nam,Nam
Hùng Thế Phi,Nam
Lê Quỳnh Trang,Nữ
Nguyễn Thu Giang,Nữ
Lê Tiến Đạt,Nam
Lê Ninh Anh Thư,Nữ
Hoàng Lâm,Nam
Vũ Đức Lương,Nam
Đặng Thị Thanh Phương,Nữ
Đặng Quỳnh Thương,Nữ
Đỗ Thùy Chi,Nữ
Đào Đức Chuẩn,Nam
Lê Ngọc Minh,Nam
Trương Văn Tú,Nam
Nguyễn Tiến Dũng,Nam
Trần Minh Hiến,Nam
Nguyễn Minh Hiếu,Nam
Ngô Mai Hương,Nữ
Nguyễn Như Phương,Nữ
Phạm Hương Quỳnh,Nữ
Nguyễn Anh Tuấn,Nam
Đỗ Thu Thảo,Nữ
Nguyễn Đức Chính,Nam
Phạm Việt Cường,Nam
Trần Thu Giang,Nữ
Bùi Công Hiếu,Nam
Hoàng Lan,Nữ
Trần Huyền Thanh,Nữ
Phạm Thanh Vân,Nữ
Hoàng Thu Bích,Nữ
Nguyễn Quỳnh Hương,Nữ
Trương Đức Phúc,Nam
Nguyễn Thị Minh Thủy,Nữ
Đỗ Vinh Trung,Nam
Lê Vũ Quốc Việt,Nam
Phạm Xuân Hải,Nam
Phạm Quang Nam,Nam
Dương Ngọc Thư,Nữ
Phạm Ngọc Bảo Trâm,Nữ
Ngô Hùng Bách,Nam
Trần Hoàng Nguyên,Nam
Phạm Hải Đăng,Nam
Lương Minh Khánh,Nam
Nguyễn Bảo Minh,Nam
Lê Minh Quân,Nam
Nguyễn Ngọc Bảo Lâm,Nam
Lã Thu Uyên,Nữ
Nguyễn Đức Hiếu,Nam
Nguyễn Thị Minh An,Nữ
Đinh Thị Bích Vân,Nữ
Linh Hoàng Đức,Nam
Trương Xuân Đức,Nam
Đặng Thị Diệu Ly,Nữ
Mai Hoàng Lâm,Nam
Phan Quỳnh Anh,Nữ
Nguyễn Thị Minh Anh,Nữ
Trần Ngọc Linh,Nữ
Trần Hà Anh,Nữ
Đoàn Thúy Hiền,Nữ
Đặng Bảo Ngọc,Nữ
Lưu Văn Huy,Nam
Nguyễn Duy Khánh,Nam
Lưu Thị Khánh Ngọc,Nữ
Lưu Vũ Bảo Ngọc,Nữ
Lưu Vũ Khánh Ngọc,Nữ
Nguyễn Như Tuyết,Nữ
Quách Thị Phương Thảo,Nữ
Nguyễn Thu Thảo,Nữ
Trần Đức Thành,Nam
Trương Thế Bảo,Nam
Nguyễn Phú Đức,Nam
Dương Trà My,Nữ
Tạ Thị Ngọc,Nữ
Đàm Thế Phong,Nam
Dương Quỳnh Hương,Nữ
Nguyễn Dương Nam Khánh,Nam
Nguyễn Thanh Minh,Nam
Nguyễn Minh Quân,Nam
Đào Nguyễn Trung Anh,Nam
Nguyễn Hà Thành,Nam
Nguyễn Trung Đức,Nam
Đào Văn Bảo Lâm,Nam
Nguyễn Hoàng Long,Nam
Nguyễn Mai Thi,Nữ
Bùi Việt Thương,Nữ
Bùi Cẩm Vân,Nữ
Lưu Hà An,Nữ
Phạm Minh Anh,Nữ
Trần Thanh Bình,Nam
Hà Văn Dũng,Nữ
Trịnh Minh Đức,Nam
Trần Kim Ngân,Nữ
Dương Văn Thanh,Nam
Lưu Thùy Trang,Nữ
Đồng Xuân Trường,Nam
La Hải Anh,Nữ
Nguyễn Thị Xuân Mỹ,Nữ
Nguyễn Nhật Linh,Nữ
Lưu Thị Trà My,Nữ
Phạm Duy Mạnh,Nam
Hoàng Hoài Nam,Nam
Trịnh Nhật Bách,Nam
Bùi Đức Cường,Nam
Đào THị Phương Thảo,Nữ